100,Clementine,Holtz
101,Danny,Craggie
102,Sidoney,Erminia
103,Claresta,Thilda
104,Frieda,Zetta
105,Tami,Malvino
106,Talya,Lumbard
107,Leia,Kathie
108,Doro,Hutchison
109,Nikki,Vastah
110,Maridel,Yerkovich
111,Nadine,Glenden
112,Kellen,Voletta
113,Fernande,Slifka
114,Marti,Gordon
115,Rosaline,Isidore
116,Chere,Aurelio
117,Aryn,Burnside
118,Darlleen,Vary
119,Tera,Decato
120,Dode,Fleeta
121,Gretal,Jalbert
122,Nessie,Margret
123,Lila,Adlare
124,Adore,Fax
125,Kore,Lane
126,Karolina,Love
127,Kassey,Allare
128,Kristan,Elisha
129,Carolina,Rese
130,Doro,Brunell
131,Chastity,Carri
132,Gusty,Alabaster
133,Vonny,Eno
134,Ilse,Killigrew
135,Cam,Cullin
136,Latisha,Gino
137,Ebonee,My
138,Kalina,Faria
139,Janis,Erich
140,Belinda,Drisko
141,Molli,Garbe
142,Elbertina,Dreda
143,Karly,Mike
144,Tobe,Wooster
145,Corene,Vins
146,Sarette,Abernon
147,Nannie,Koziara
148,Jaclyn,Berard
149,Daphne,Concha
150,Tori,Lytton
151,Gusty,Tremayne
152,Concettina,Tamsky
153,Katharina,Croix
154,Kaia,Jacobah
155,Trudie,Nance
156,Lorne,Poppy
157,Teriann,Sidonius
158,Donetta,Nadia
159,Steffane,Cherianne
160,Dennie,Vary
161,Fernande,Adore
162,Doro,Lissi
163,Hallie,Adlare
164,Korrie,Wooster
165,Ada,Agle
166,Dotty,Ambrosia
167,Shaine,Sharl
168,Carly,Carvey
169,Teddie,Phyllis
170,Hildegaard,Dorothy
171,Jsandye,Jagir
172,Olivette,Terencio
173,Annice,Orelee
174,Ruthe,Wandie
175,Cecile,Taam
176,Tarra,Arathorn
177,Flory,Sasnett
178,Corly,Colyer
179,Korrie,Uund
180,Wendi,Madelene
181,Kayla,Cimbura
182,Camile,Sadowski
183,Desirae,Lalitta
184,Emilia,Uird
185,Pollyanna,Libna
186,Jerry,Sallyann
187,Jemie,Demitria
188,Teddie,Mallon
189,Jany,McClimans
190,Romona,Thomasina
191,Halette,Orelee
192,Audrie,Cordi
193,Abbie,Pozzy
194,Ilse,Pozzy
195,Hannis,Burkle
196,Gwyneth,Raama
197,Vinita,Ackerley
198,Joeann,Sophronia
199,Kelly,Sancho